Voter Address,Voting Power,Choice,Total Votes
0x442fEEA58Ed534D15B6773322567f8E954563b44,100000.0,2,793
0xF2Fb34C4323F9bf4a5c04fE277f96588dDE5316f,100000.0,3,793
0x73e8De3f2f913EcbdeC97524430746Acf65578a2,16056416.087670239,1,793
0xFFd92144CAfD599A5A93E4805CA4d8f0E666D623,100000.0,1,793
0xA8c4e3ce1743D0f2A6c227548C982a7C40569940,112115.31214644031,1,793
0x416365993481e52e0472e7417656276d4E147A00,130000.0,1,793
0x0161d1Cc10116bb2a073A0c293d5E4F1a97A00b6,100000.0,1,793
0x9752Dad17648395aa719Aee5979033a906CCa596,100000.0,1,793
0xA2EaE2a749103C5631D5525D136EC7B956Dd7c85,100000.0,1,793
0xd93Bb5DD5482dCDB8d14B7581560415cF36ffac8,20000.0,3,793
0x60C32eEC3C9Ae00a3466DBEe02db4634453a9B3b,20000.0,3,793
0x0A3B4905B0A7Bd42645c8f0BDa9f3bC213f09610,30000.0,1,793
0x60BbE49B902992713839866E0062e562d037D4fD,100000.0,1,793
0x94f19aFAC68d89eB7577087e6CF5819aB18FFD45,30000.0,1,793
0x4d5A5B9d7e3A774f5A5cfeF2e92374790dCCdB14,100000.0,1,793
0xF3732F3164f1b8a2252aA14f817f77EE7D5d11FF,100000.0,1,793
0xb6dA5c72Fa3CF02C4326f685AdAcf50D4F55b746,100000.0,1,793
0xaB7b49bacd43BD4CfA41433D477F690Bb9E1fB26,100000.0,1,793
0x83E9d307743F3Cd2eB23d1E456c5E4896f985F0e,100000.0,1,793
0x0F70c8C6236F4335B791637B8603F711F9829a27,100000.0,1,793
0x464e146614D53B675B74cD04d2d727b2c04aeABa,100000.0,1,793
0xD4BEB1e7d13D593f73fEb34a99Ed6e1C88973185,100000.0,1,793
0xd4227A16B7D6d707e8eEef46FAd4D5e80894B671,30000.0,1,793
0x714D7baF5067855EBa892296B6C6D94a09857010,100000.0,3,793
0x84da37133a088Fbf4e21D80Aec2CC260B52eA116,100000.0,1,793
0x290DeEd9fE4C092Bf2B0C812Bbd981d183aF3CA2,100000.0,3,793
0x63122290895127671A36fDDac94087DD44e3A99C,20000.0,2,793
0xc25d35024Dd497D3825115828994Bb08D12a3aa7,100000.0,1,793
0xC765291f5B3ef4E6AD7a2D7f94072afE8aEFda97,100000.0,1,793
0xEA94cDba29018848b08EA68C1534c28de6B8a5B6,100000.0,1,793
0x88B8dD3E10788B48314567F512CD3180716F8D5D,100000.0,1,793
0x5A08224F8272fF7a2e152B2d845aA8CdF4B5a6D4,2559.54797385313,1,793
0xc550d4524Ea3d8F43Aff6C2dC6212d0D5C58fCE4,1234.2438620370488,2,793
0xB3430b686daA829162D2aba22C815Ad3B5882f00,131747.41128199277,2,793
0xb83Ac7549db7774aB59117483933bCF11f27C090,20000.0,1,793
0x5b71746B96E9d2986f8A4305B20e1Ca6F9247D69,120000.0,1,793
0x910c60C049d833A7fD2f5bDa310bbEa1c5fA3598,130000.0,1,793
0x99E9faE2844d22F16A7d564b6b50C0b407840BdF,100000.0,1,793
0x8bcF9320497028119Da1c99525d19A9f0d86f92a,100000.0,1,793
0xBbb2d07823a2E97E84969382233461ac82D1079d,100000.0,1,793
0xE2e74116aD684cd1c6902B784b92158f87eD36E3,100000.0,1,793
0x963B49f73509eaDF7c754DDD1C2cAD2953A7f7A0,100000.0,2,793
0x9c8cB6406C3943C4f29998eE24E1E0da9c1cf32E,100000.0,1,793
0xb957DccaA1CCFB1eB78B495B499801D591d8a403,2098.4177068970303,1,793
0xD39BaDeDfB66aDCe8222813dFFfC223EcF174a0e,30000.0,1,793
0x049808d5EAA90a2665b9703d2246DDed34F1EB73,234000.0,1,793
0xfba674dBBbFaFEd6da9895051E5204DE824325b9,104000.0,1,793
0x74dE40808d4Eb76C480C882A3f8E4fc0a4701D01,104000.0,1,793
0xaF6E292b39a429927c7EE68F7B9bFC04Ede69F79,104000.0,1,793
0x0B7f9d46f0084503AD7B9E9266aF2134dA8Ad596,104000.0,1,793
0xb98B88a09998b596648f41A4A27d0237edA58Ba6,104000.0,1,793
0x7565DEdDCB83a14B185eb9520914bB918cDfE983,200000.0,1,793
0xe64D330Cc8654520815AA3CE90613d89b855e3A0,104000.0,1,793
0x0a8f4E308B17F836eAb6493F42E48ac07D30946D,100000.0,1,793
0x468c2DAC680F0600bf8C86b6A8BBFfC81f82F159,104000.0,1,793
0x0Ae3d5949202165584A270cbac7A733b0307a766,100000.0,1,793
0x82e9A55aFb16A26FF840E83DeC37E7088774C8ee,100000.0,1,793
0x99647D6170B218B01e91bE53763F01bD70FCE0be,219.75925529416006,1,793
0x4E819ba296d7e48572ADC42148CCc09BC029B4C9,100000.0,2,793
0x5d47e5D242a8F66a6286b0a2353868875F5d6068,100000.0,1,793
0x579De8E7dA10b45b43a24aC21dA8b1a3a9452D64,130000.0,1,793
0x0e5be6215f22834D747E2EE845ed50a33EB56795,20000.0,1,793
0x984886312107a9ae23B8290D6C1D519A737283A2,30127.828931617023,1,793
0xbAF4372857EA838A9693D86421d12A4C7Af91985,1.472844935974519,1,793
0xB423973FB9e26DC8b02E9273928417A2DA0E0E0e,100000.0,1,793
0x9d2BeEa6625c1991C796c498B93842d9E09cb6d6,100000.0,3,793
0x78b8A76BEa31733777556033e2a116df66C4C41C,100037.98544185092,1,793
0xdAb48Ff04BA44C51AEEdBa2A68A746866040a38D,19432143.0,1,793
0xD6587a974C7D3ecE23Fa53d5606da6B291311F6f,100000.0,1,793
0x3862903859eA9b1cE6804823bD9ca7a249afEBb3,100000.0,1,793
0xF42aD66F4b66628584f2E97421A008d62A8f116c,20000.0,1,793
0x0604b9F31820391f308f937dE7f693Db10211F6A,100000.0,1,793
0xEFde6a97AF618AD407211C3D5d494BC257948208,100000.0,1,793
0xFa308d5c5FF97708BF1BD5775a46ccFbe5DD027D,100000.0,1,793
0x21b98f5698FD33d9cB58f6aB8d5ec58E803FCba2,100000.0,1,793
0x0dD3E554c9cA47cb3a7B5935A9743dE812Dfc010,100000.0,1,793
0xB21731D830b7e8460E5D6c66Dc1CcC0A5D0A6B87,100000.0,1,793
0x1dDe7b19fa3150a06e3307341E9b8cC5E95122D4,100000.0,1,793
0xeF7c05ff405dea849B97aBad9CB09436445B9BFE,100000.0,1,793
0x0F62d09CD84B4469F58e14C32180D1D7FfC5E87C,100000.0,1,793
0x0e024CdBA8377ACF2d83e23090e27f5F8F490497,100000.0,1,793
0x6Fd5a849cc4BB26fdE7737395E3b4A91F3B78A5a,100000.0,1,793
0x9cDB491354086AB189Dbb17360C33970B7298d3f,100000.0,1,793
0x527A3ab8f1ff9172fD7d380863c54EdEc60bd41d,350000.0,1,793
0x929774478e0aB60e00a67Cce4910d49dD5B4600f,120000.0,1,793
0xa8fA325872A3929fa7a3BBB6bc7CcfCBAAdF2Cfb,30000.0,1,793
0x7bcdf76694d630F32Cc156520D94ea8398F94571,30000.0,1,793
0x65e09aE53d5f1A7D75E4442eB9D004191Dd253fb,5355.436524214976,1,793
0x492aAD46aD56169679616A9d84F5E1f92111aB7e,6000.0,1,793
0x0e04B904Fe7E57dD93a5EE3beD581D78AD7356a4,6000.0,1,793
0x93FA50b05a48eD9a5F11653952543F2f41cf7425,6000.0,1,793
0x1146dA4bec5034E7D03A5277cEd0d66d3A223DD0,6000.0,1,793
0x6A8ae9F1EBEfd842DC7E9eA68d48D0a9a753D5b4,130000.0,1,793
0xE85a5B0eF8E4690FEf2b73cf94f9576a1C092c87,6000.0,1,793
0x92dA9398d7fC1a9A005a730F2433F697215E75c1,6000.0,1,793
0x5F6777c4a4f6be1fb40702cAaBD06A660D56a42A,6000.0,1,793
0x6b9137bEa4aa33B7D06C74b7678d88da889e0051,6000.0,1,793
0xf2AEB87d080a74ff64F3DC0E4Ac6959bda1b752F,101613.05225171596,1,793
0x79F3DDc535BC7cE363b0f43247DA8f20e68f0a27,30000.0,1,793
0x543b65d285d708B6f23d667a0Cc554fb22b458d7,20000.0,1,793
0x8660406a6302Ae7C726cB4f3c24442b8BA49748b,100000.0,1,793
0xBf78E1404E8a29beFA76efd712992805a34da294,4744.7785511827215,1,793
0x34e355232986AFcD5Dd71f317E6Ff53FFe30822f,100000.0,1,793
0x1290B9C0b2a0aE684d9F850dFe6b7D1Cc5E80E5C,100000.0,2,793
0xD08F1fE2249918A8844D424268F75C36a77379b4,100000.0,2,793
0x836f73253a5984E3d4f29142AD6F8084D87b5e6c,100000.0,2,793
0x3b576AB6E9fFAE1e568540A733e96AE2195c5b25,100000.0,2,793
0xc70Aa0Bc5C372CA2006204C91Af480dacF621Bac,101258.37734300477,2,793
0xfBaBfd8f520E38d6e2178D018209453E86246274,100000.0,1,793
0x89D345e4910B201a4780e0bfE286f56AdfaD7bE0,100000.0,1,793
0x9d054534FD9483af585cE8b6127aa1FBfFc331B4,20000.0,1,793
0xef6ee1eCe8664605493e69De51F490c096BeEAA7,100000.0,1,793
0x0B01168b77425d8a4Df02F794d2ceD416EC6e7d4,100000.0,1,793
0x396AE68E4526F1f46245283A066C912D4D4fd24E,100000.0,1,793
0x084Bd02D4dfb5Af7F9D487a60682378B057d36Bb,100000.0,1,793
0x0c77C848FEbD7CEe88B89E89975a5C45Eaf540dF,100000.0,3,793
0x4270783A1d4E97E2249cA64B97BD29b8896E1cf8,20000.0,1,793
0xa31e0765Ba50b834bF14b38fffebBBe65a04bDf7,20000.0,1,793
0x9Adfd762D997bd382028A579Bb68bDD49d97493c,130000.0,1,793
0x177821CbE97b3eB0a20de1FD534bC7160cBCd76e,100000.0,1,793
0xD60e645C391ED4374829D7Ec6439B7E1C7a5438c,20000.0,1,793
0x8F5dAd7f4DB78df43A082ebE6A9B8311A8888888,20000.0,1,793
0xD700d67DFC683a0888faE314C08450EDA4894B67,425000.0,1,793
0x5244736b3A8F898149aE33f013126A20cE7abc62,30000.0,2,793
0x29ee39be789aDA5cBb2051f4bDd70Dd735Aed7d0,30000.0,2,793
0x8F2A0c6BDd5c1f61552558D2C0D2Afe6d3dC5272,30000.0,3,793
0x3aC6035B07ea39dE8AA2820d68B6368014C0356b,100000.0,1,793
0x856DC4a12f08AFA49f42B52F81769A96505f312C,100000.0,3,793
0x71213a9C9504E406d3242436A4bf69c6bfE74461,30000.0,1,793
0x078Ad5270b0240D8529f600f35A271Fc6E2b2bD8,50000.0,1,793
0x7E9A6b14e78BF18bD483D208af423b96AB5075A4,120000.0,1,793
0x896002E29FE4CDa28A3ae139b0bf7bAc26B33a8C,60000.0,1,793
0x8847EBaaf29A18396e49191602f8d8D141b98aa7,120000.0,1,793
0xD8263b8b277c7DF352f1851923125a07a6982540,30000.0,1,793
0x85C952ec161e34a6ee773211e3A617AB8b4D2A95,0.0,1,793
0x300871C1c6024F8F9a7Afe3Bf22f3D538c8b96AE,20000.0,1,793
0x72C60aBb3F698BAd28818A428014ad59745d2CF2,20000.0,1,793
0x38F0e547f6F617967b88043DD77195514eF85EDA,34.57277004344278,1,793
0x3E38Ef489af0E780fB1A18dB36B47EFCb6A859B5,100000.0,1,793
0xa45080b1d89D9e0E848AE05fd942Ce24cE9c3cA9,100000.0,1,793
0xD51be729978e0bcF6dcB1A8FD7d3d83323534d80,51.08962879699808,1,793
0x451A2f23B2a18F11AcE266C4FE3943aeA0D92cac,100000.0,1,793
0x71FF65395A8998409608F8003007C4144978169d,30000.0,1,793
0x5F4ef5C539a56291665FcCa4e6b7a6446AD11Cc1,100000.0,1,793
0x79e684A001fDD917FE61bf0643d5800956C91A83,100000.0,1,793
0xd5FAE9a76DE0bF1063eEE5D4AE05Be77cB08E68A,100000.0,1,793
0x9E4977972cb8A95fDF2Cf9Bda269EBDB2DcaEa35,30000.0,1,793
0xd9220628480F074Fe8D1d9A493C0369E6C4FEf0A,30000.0,1,793
0xbEE3C272ad4215cb352291af334dDC014BB3c20b,200000.0,1,793
0x5a81868992Ffcf4200A85972c60151690Af39006,100000.0,1,793
0x48b211039586619B04CfB3b040CDD12165e3a9cf,100000.0,1,793
0x245F4A734C7cbd1A22bE7c630D0E0D71E5f0D1BC,100000.0,1,793
0x327b9dEe1830F8201efa751fd96F7B1aD0b300A1,120000.0,3,793
0x02F077064e807240E1F3808e9ce912B6027dFCF4,30000.0,1,793
0x59B75798CEA09F4E9eb396AC516E778Bb73d19c5,100000.0,1,793
0xfCD134Aa6567e6C28b342c575199376e491841bE,100000.0,1,793
0xC9341295fd754D829a5B5f272F644A257042323c,100000.0,2,793
0x2C677B4414F293b170E1c1f5503Dc4cEF83Ff9B7,20000.0,1,793
0xB91E8c6D109802965af67950ec13d7BAE8495408,50000.0,1,793
0xf238A736308A110eEd655881f8e07b37D4A26617,20000.0,1,793
0x3f7bed3d5745c2550f64aa97A4529406e555bCE6,100000.0,1,793
0x4E331Da3a462B70D165EB2055f6D5027944F6085,113537.20338737224,2,793
0x779e76758b5538084136132Bceb6a672caCDB726,130000.0,1,793
0xEc1625f0Be12B31d8edfdd165f7750eE4630a475,150177.46379575983,1,793
0xb740b41842347a64c5d51356eD6191e049aff346,20000.0,3,793
0x25a27207a5c5FB6ddB42335005f9af857961Bd97,4000.0,3,793
0x0659305689303121247078edace9EC042856902B,100000.0,1,793
0x20b3Fb70CfEb01AC7ea11a412572848139a2B748,20000.0,1,793
0x07a564E989354A206c7CeC716D34024de11D2F2B,20000.0,2,793
0x80040312D5B96eF9C459BDC68451aBA61eBFb7EF,4000.0,3,793
0xB66283E2B0A5A2d5561611265151d5D16C449118,4000.0,2,793
0xC3E42CcF9d7f091E628BeEA4CbdfE9e81179Ac26,4000.0,3,793
0x63dED784c8Da63A79eE47f9a53BcB1BAD1d9F3e0,120000.0,1,793
0x83d880Ec71546746D24e7fa28E1eA3964E236d82,100000.0,1,793
0x24e4BE57014fC5b932bc6c7FA7CD19591523FBE7,100000.0,1,793
0x7203BE8F855f820AbBd0008cDfe99F20D8fFD659,102185.27072714972,1,793
0x536610051E28D3747A7CF9C458F81A5320A86e14,30000.0,3,793
0x0C1e99991dD2f7D374Bff13f9F52284CE6cfDAE5,451564.482684816,3,793
0x9628F11C8fBf15df1307Ad5284398Ad7DCDf573C,100000.0,1,793
0x14Ff0Bc9417B6796f79768729002A793b51205B8,10000.0,1,793
0x40F404FE6C091b951576ECC7bCcE5ECd56c985f7,2985.407418729886,1,793
0x3037E656D033C951574AFB02E409a91D93B2cb73,100000.0,1,793
0x20d801Dbee0505F9a77CFF40f5fed6Ff0f0ee9D6,100000.0,1,793
0x00DACfD769BC30e4F64805761707573cB710552c,100000.0,1,793
0x08658eD3d0cE25F9F2736886669F7b1fc46c1168,100000.0,1,793
0x9E2E00AaB67c3A7B827eb3e431c4A6c2077510a6,100000.0,1,793
0xed6b3dc95E6E41156cde61A206668935d7e958a4,120000.0,1,793
0x15E696e03cf87f23A2b864948eaB5595797ACA6a,100000.0,2,793
0x4D9b7bc2566b1452C4d43B0ab4D43c98d89d100E,2.268906653801529,1,793
0xF40281A8Df0366AA6659eBDBDb950E5e4ff7cD59,450000.0,1,793
0xb10A6500f4148e16E6bc05a5EA3089FD3d57F157,100000.0,2,793
0xaA15E4D7cFFCE710D8c9488a355C4570dbDec32b,100000.0,1,793
0x81b6a3832E6D0174DcB07790364289d16cACd133,100000.0,1,793
0x6Ec584083701936eC4383C6c902c4df45D86E7e3,100000.0,1,793
0x8e3f5e7578B9e0f4B9Ab65C85568C8F80aEC95AE,100000.0,1,793
0xe63Ba03F3399ccDbC346977482920c7F782649B9,100000.0,1,793
0xd0B8713F219D91DFaa98A3807764E700AF5C5546,100000.0,1,793
0xE37A6e88Af2a5DC2a86eEb6A03aCfB1ed34969a5,100000.0,1,793
0xCa695144Ed80D2E5F10C8938c08dfFbf2516a170,100000.0,1,793
0x7E8a2C10bA8901F793e900f1A0A2728a75Ccab48,100000.0,1,793
0x2e102B2f815c48505E5691Fb17fb8E0459fF9d80,100000.0,1,793
0x35642DE97d6376DD55240Ffd35FAfD2619515e54,100000.0,1,793
0x2EA58CfAE2E5623711047778524Be7Fcb371f2da,100000.0,1,793
0x3Eb7F9D036De12740136DdE90727C9DFE2B8eD42,100000.0,1,793
0x2c2d88aa9F4e965993988811381150F57e52F05A,0.2754090353679228,1,793
0x65FfC3d3e2fC29e00f22E330F351bD065f8E6f8C,100000.0,1,793
0xEBAfB8202c7a1433aAB167ecddA3509Cf490F834,2589.1514664125784,1,793
0xCDEf06D81219c87Bcfd41e1d78e4DefdAB381eFF,100000.0,1,793
0x4995D9170046518e3D2A3cC2d27d8B669347fA60,1000.0,1,793
0x60913b55ae54C325be3a8960536f1266aA648197,100000.0,1,793
0x171814DB6DcAA27d2f88B1d31E306ABda53E7526,100000.0,1,793
0x7558899d8109D8a2CE457837ADE56C3d6eBFE90d,100000.0,1,793
0x98c366dbE6d98A2D6A3ED471608921b03f3abCCa,100000.0,1,793
0x142Ba743cf9317eB54ba10c157870Af3cBb66bD3,100000.0,1,793
0xe9945b3AcbDc2f9dcad8871F01aa9dabBb20d882,130000.0,1,793
0xaDBB884cBE72c934bf54B29430d73c5e844fFCCA,100000.0,1,793
0x5BA7DC21FB489132DEA4510290dE817FeE145311,100000.0,1,793
0xD59B0b92D7eb1AC83f7F54e46E7e244894acC3DE,20000.0,1,793
0x2C3021bBBe1A8d50C200f9489B557377ebEcDF9a,235000.0,1,793
0xd3200357378987880c355a307BDaBFbfbc6a89Bd,100000.0,1,793
0x1dF2535cf0956AbEC21C4738534885d3849d6578,100000.0,1,793
0x3F5D2058971DFd0103E3bF5E423620B5A42Db357,30000.0,1,793
0x030D09395b9cBB7e8345FB2d9bC00b13D2Fd5724,130000.0,1,793
0x909f9ef8a242e2df9c65c2535f3521e9Bd5212EB,30000.0,1,793
0x418f528E2CB2dD97E797CDfAf3e04E67e9aBE3aC,20000.0,1,793
0x116eBB564A41da3371B8A0577c2e8E4e3E2965b7,100000.0,1,793
0x1A929b5d550C45ca8A0cFDB82F7c9C15FC278f31,100000.0,1,793
0x8f58C7668Bc1BD09D597B65C2d8525A593708280,100000.0,1,793
0xCf7FB3AdC0A9A4E6F7Caff2ca8C365325Fd19277,20000.0,1,793
0x53Ab5a24006a674Bc1a9FEcdFd32c21297324f45,16.82548635079506,1,793
0x13224F6760C29f4Da18ee3Fc5436e64010f0c1b0,209.65863086971035,1,793
0x3939d22aF089BdfbB96322744234F69dB1aB52F8,124777.90618129165,1,793
0xd976D3Cc17D109889037175B2472aF6CA970302d,60000.0,3,793
0xf6a6A404FBF3EB7D21E4A78651A5C373F10097a6,100000.0,1,793
0x3FE25fB31F9E33938f2A530A298E995499879C5E,120000.0,3,793
0xf27B173b8B24561f040e5Efd37b4ba28Fd465040,100000.0,3,793
0x21c76B3e2C258Ed0e7C44534EB9b5c7E817ea7fB,20000.0,3,793
0x86454f252500fD4972E53C5d76A10f5dC60BFC29,100000.0,1,793
0xa4649bdbEAF26daCC7ECd93F29b98A0586a9CC67,30000.0,1,793
0x4F44E1679304DF8B30479f5df7C3A6ADf0B436B5,100000.0,1,793
0xFb408FA20c6f6DA099a7492107bC3531911896e3,368.21047037540876,1,793
0xAd85F6a7D50a9E2302f38f95eB1EBCED0F77Dd90,30000.0,1,793
0x16D69a835C012584783921B2e4C622F157Ce97BF,100389.56302138254,1,793
0x520768717F317893E749b363399f51Bc8A092Cfc,102641.82203790711,1,793
0x5F62c0a8c0d2Ef0a2Bd8a7F8E3d2A18BEBeBe5E8,2056967.0,1,793
0xd19Fd69bFDC2651272c523DF8408738Bc1F93104,20000.0,1,793
0xF280Be039Bb96fa8fa0B3E8Fa3220f35ed875c66,200000.0,1,793
0xF30FC56264d65F241d5b2f0C861BbFf7555656b9,100000.0,1,793
0xe92Da269bbF46e3C5F194Dc65a1f59b09b793a10,30000.0,1,793
0xBf197ed412DC301867F3c6C82e80024348d0d67E,30000.0,1,793
0xa7E4047A890809126A7bD208456A44D1E422F398,100000.0,1,793
0x1b121EAca7A5C80CD6850533636574c39AA866D4,100000.0,1,793
0x8fd05381267eEf20d82536E93848E8a7801AAcF8,130000.0,1,793
0x8E1700E063D4341930C0D071C168D17E506caca9,30000.0,1,793
0xf08Ea68E12Dfd29b714F4DDB3C141F404e5F578e,100000.0,1,793
0x7102d0419B36B25f799821312438B9854Fe9F64F,100000.0,1,793
0x9D69Af94363adaD56bC5E4CD7ac834E4cf1DcC5c,100000.0,1,793
0x7A13aFce4D1b72c356C8e5678F057c1587E042F1,100000.0,1,793
0x875d6cF79A7F194412e783F003b88fCda219C0e9,100000.0,1,793
0x40A164d2866212E5e90f86F829Cbf694F0dD38dC,100000.0,1,793
0x13bb2fdB098cCFe452a9079909121F849599AAEc,100000.0,1,793
0x1D59a5bA22670510e78ED503D894D6B70e424b4E,100000.0,1,793
0x8115A772491Be30fcd4b00Af6182B78263607128,100000.0,1,793
0x1f41219828d15Fc06786aeA5026597fbA6247195,100000.0,1,793
0x43485615d56e4348faAB6482332E6f673788bf72,100000.0,1,793
0x32a24709F24e77a0B8A04A4cFFB6A220d3ce7eD8,100000.0,1,793
0x2e5d978814DB3Fdc4a3CaF53ED76224b0B84238a,100000.0,1,793
0x48ad1Ddff1771775E5cC9c02fd22D8bA3A9F4AfE,100000.0,1,793
0x46dabF02c6f80dc6A69726186Fb96cf6da5C891F,100000.0,1,793
0x7929B3D66C5C79c99Aa346a59927B56b592E3D6E,100000.0,1,793
0x47bADdF07c885EB788b95175122db069f18b2176,100000.0,1,793
0xD03e468003E45cC30158d6C9ecA2BB0f83558e04,100000.0,1,793
0x3e03a72b6dd9081dDDdc3C5983E501F75B9Fcc92,100000.0,1,793
0x64dF7AF696e0977771a0E1e1B1a8dD22DED3Cf4b,100000.0,1,793
0xe1B7a85B4fC837a4b9Db9841420ef1231c95Aa7E,100000.0,1,793
0x2f8d892c93661ab73fA1FebE7b6DEd77ec4b33E7,100000.0,1,793
0x7D95d724C44675526383Ef0c69b2745e251Fd58B,100000.0,2,793
0x2dC58f7Cb47B5bc558B6b0D80a03a921156BA4FC,130000.0,3,793
0xc127c110CeaDe7370C8B327287F2A669Ec7E93ba,100000.0,3,793
0x0251A94286c3a2cfebEFD2558b916B7A6c180476,100000.0,1,793
0x9DD87184D2B4945437C2671A277CAB687BD8AB47,100000.0,1,793
0xE7CF8Fce5e83e07e56E2EBfEb7651f459c47217b,100000.0,1,793
0xe40987f8cA51D3f72947400a7459e66Db2715Bc1,100000.0,1,793
0xB3961eC6eB61845e352B2da794306444056ce025,30000.0,3,793
0xbfD64cC5FdB6643D54631854Ea1e0a6666e278DE,100000.0,3,793
0xab06E86D240A5F515eA6d16c3530C6596f8Bb774,100000.0,1,793
0x726914111AF99b7aF79491292D86ce27EF06f63d,100000.0,1,793
0xF507555538FD0537922e70817780908AD132d3eb,100000.0,1,793
0x2669a7565899AB4Bd7b7642Aa2725E751De6035c,100000.0,1,793
0x4131826eaFDCb7dcd855Fae9098EC693165F157d,100000.0,1,793
0x1aaB5ad27515409cF96f8EE10C41e2fD8F0365Dd,100000.0,1,793
0x7404D033897c872b3d37F5B4286077E7C347172A,30000.0,3,793
0xe71D393D44F6e38289e573eba1809A5F5926fe24,100000.0,3,793
0x866dA6906E1Cf59ab80782e853FD1c71aBD13f51,100000.0,1,793
0x814942045fa68DFB742915422b6a1c0Cd96cF4fc,3238.126354042161,1,793
0x5A75EcdE6cB2db00f4e0B6Bc04c50163B1d0215E,100000.0,1,793
0x92CBe89B5Cb1c22c2c16Bc465CaF34E3c80b617D,3143.149133918315,1,793
0xf4ACCDFA928bF863D097eCF4C4bB57ad77aa0cb2,100000.0,2,793
0x175A0cC46a5430C62F48368F5Cba1c66b4B3D56D,120000.0,1,793
0x7cbE0Db898e210D0E5F8f361b0E3C25186BebA4e,5.048217147439517,1,793
0xfa2a56C6cFa68DeEA34f2640B259036fE824A2E9,100000.0,2,793
0x18dbF54620E3A7728B7B6746E39238135DbA685D,100000.0,1,793
0xFDAb3be33284Ef68442F55535ffC0b1FCbad2B62,20193.930492163545,1,793
0x2416Cf24497E42143BAF2345d02899bFEC67a707,100000.0,1,793
0xb68C08040530fA7fd879BDc02F8c5AA45bD1Cd89,100000.0,1,793
0xC8deFBB582f03D05636bb95f1a55bc9949f0791B,100000.0,1,793
0x1A1A5047A226C9d673c03a8f5Cc45035FbFBb00F,100000.0,1,793
0xf0A416191738D91E0F657409fe954866C088502D,100000.0,1,793
0xc95C7B7D08A38e08F67ae2f7dE4D3856C76FFE09,100000.0,1,793
0x210fC4B677C5c84233428afa8c2df3A130816DF0,100000.0,1,793
0x70a60249aEC1fd70eED0B6fd5002DB4FED2328C8,100000.0,1,793
0x27C527a73A9645b8c93A305aE95Bc4f9CB52c397,100000.0,1,793
0xD348fcbd7b1204C3574b6C3259d6a69aCdcD205B,200000.0,1,793
0xB745A2BAc46D68bdECD023C867773627D48fE1A1,103938.20638513257,1,793
0x57748eCB251f2ec36027Bf8b7B2C13B69b8e5222,100000.0,1,793
0x183B6267cb9F985A8AA7Fc912672A21d644a4102,109621.38609080215,1,793
0xBe51DDD7E3ABD220507387eD6CDD92072A867D8F,316531.42561234743,1,793
0x3B95E1d7a31B9eD35430E81e420997d49FfA8548,20000.0,1,793
0x50DB63002d387520bc427c767F492F31439AaFA7,1239301.4495750454,1,793
0xbee157c1a64c115D8361AaB2542F83d204260A97,20000.0,1,793
0x5AcABC3222A7b74884bEC8efe28A7A69A7920818,100000.0,3,793
0xA884A2F1A5Ec6C2e499644666a5E6Ef97B988888,330000.0,3,793
0xed06079B23De039d01C01D7E295Fc119D1D9d497,100000.0,1,793
0x84e0ad8E8ff4AA9E866dDCf1aEcDf5754Cb4bA97,100000.0,1,793
0xD95aB6643DBE67929635c8f643257C3a7a0b7809,100000.0,1,793
0xBDe8d3ef66eA8a6c38024615E0117c4d7B3D5cD9,30000.0,1,793
0x5c95482329D44397d88AC5e1AcE402cFA56837bD,20000.0,1,793
0x3c6E78A279ca78088a939d80968feFfcd517190A,30000.0,1,793
0xc5dD2Bbc5AC7b89240C965e548E45E5a56f70E13,104380.1661367112,1,793
0xbcc181046fd96CCaDF0CEBe30D4Ff67D4373A126,100000.0,1,793
0x5d6cA5d9838Ef551bf4c52b8A47B69B60694F1cC,120000.0,3,793
0x12b0E1B718b33d16512BD7A81C3680fAEe3C7e3f,100000.0,3,793
0xfaBB4F3885a013b4AB1f20414038A265dd6be647,20000.0,1,793
0x006e4d082359d878e6007614d497EaC0f810FA91,64037.36724061949,1,793
0x7D53219103EaBC4D2C2D1362c952D54a3822EE53,0.018909826639076015,1,793
0xD022AFF371F2b0647b90fdAC50746d26192C4e00,121867.0,1,793
0x417afF82D2cd9fD39fE790Af5798ae865fbe8C48,130000.0,1,793
0xd7F6bad6Fc716b889F84a94fEE046188f08988ce,20000.0,1,793
0x0e463daf569BAe8b297F5c0b9765bF7A9433c6F0,1172.7296149132003,1,793
0x9317f8d68D5b21BC561B51b995Db858bb0fb40b4,100000.0,1,793
0xE14a13b8eB93B6569a748EA57A1A97025fc82BE9,354266.246033235,3,793
0xcb630c28658d8B4f0509D628D8d947e6F95eA20A,130000.0,1,793
0x5A27d268e830655E908a0a2C3B24F572695AF5e8,101031.22167968295,1,793
0x81E886E84542846558aD409519BBAbF152Fd2c08,22406416.0,1,793
0x3985857F2C9373f285CF196dfe07522ced5B44E0,100000.0,1,793
0xAb6f255DaC71103EA6d57B320EAf0EEc901B05aA,100000.0,1,793
0x631ab8EB40588543dF900263F864b6376d56A587,60000.0,3,793
0xD1B46b4f378b55b7F7139153859B1e670F20F087,100000.0,3,793
0x70b7Da07a9A3AD75A203a18De9DeF3c58c3702f2,130000.0,3,793
0xEcf3515a589979e98Fc8cb8473F631b5F287c002,100000.0,3,793
0x484AdfdA2B22B76109087bFfFcB1D120F8e045A9,100000.0,1,793
0x41713614A52E0A8b2c89f4A82ab711930Cb92b6D,100000.0,1,793
0x14Bc3a804b2f7E7D114AF71E4e260190af93601e,120000.0,3,793
0x79cE80E90bd630B0d98E99A66ac74a951391b7b1,0.000367388688853036,1,793
0xc441B17978CbE90671B9D6e4014C323404F3fCc8,30000.0,1,793
0x6816BF1e88c5E0E8d3C45559F8733712f7a1012d,30000.0,1,793
0x5F3582B06B6697FD64E791Ab7acE882Fe66Bc835,100000.0,1,793
0x9ae6A7DD3515955bC242D3DD6a2f3d0EDaBD4Ca8,60000.0,1,793
0xCaD23f11826ce1c42036714f079Eeb528F05dEC6,100000.0,1,793
0x1684C382352FA8992E2d12264b08CBFd8E06b7b1,101132.322565147,1,793
0x92d298c48ac524084D6d234964b87DFD9D3bb104,100000.0,2,793
0x34f73A47a027bC3c1DB642Df9CA54625D9b6b77f,30000.0,1,793
0x828B5AcEd43d61ef79C20eeF8D992262fA44cc71,30000.0,1,793
0x9B09f6A449D5738D95083400f2821C06D916C269,30000.0,1,793
0x88C16B9158A7426d1654EA505e35B2650DF21a20,30000.0,1,793
0x9b3Eb6079e9bCD66ec99B00D25FA8bBFBAFD683e,30000.0,1,793
0x325e231870461bBAc93202D035EDEf04838F4886,30000.0,1,793
0xf818e21d802eD0c5CCD7147D7B63a7466af84925,100000.0,1,793
0x9Ba6baA919BAc9Acd901dF3Bfde848FE006D3caE,4000.0,1,793
0x70Ddb5AbF21202602b57F4860eE1262a594a0086,4000.0,1,793
0x0cA5a04835A805676F1221BD2EDb052195e6f90b,112499.12361959173,1,793
0x58c442b9C0906d6D13173a24c2981b543188b346,30000.0,1,793
0x119383B0051e920D6161cEe971247D625B8D69Cb,6000.0,1,793
0x787c8bE38E968Bd0b41eaAbe0b69d1c32ea09262,30000.0,1,793
0x4AeF8B6CA98cA20087E6b0827a50868172A32AFd,30000.0,1,793
0xD03Ad690ed8065EDfdC1E08197a3ebC71535A7ff,6000.0,1,793
0x69B5B2b2cd11db8C7eA7f9f042F39423497B8EFA,30000.0,1,793
0x505623a473a88Ec883ce42e7572503FF33eb80B7,20000.0,2,793
0x741902764dc3af99F522a9f089b610bFf4267b00,200000.0,1,793
0x4a60A526c642ce63cf3Af8ff68b3f5F222611fBe,100000.0,1,793
0xd946B3A3694864358DcA0CD641d72263E032a0c8,20241.591402918384,1,793
0x4467B3e697336c66086800E42bbc1591E01eCF77,30000.0,1,793
0xB16B0f76e5328076923423fe8c985f69EC12eF84,100000.0,1,793
0xBE35abF3bA9FF7740de1Bc1c4AEF9a8E4d16CDa2,25905365.211301938,1,793
0xA38D3EF13046C3c3124f1eB1b0b96F04F2d2f8f9,100000.0,1,793
0x50517D0053061344e6C87A0E86d80483ABaeA3f7,20000.0,1,793
0x046c09176d52140B27f6CAba94f550B05830ECd9,28600.858135919676,1,793
0x118Be2b98F64FB5f1585cb6A9C5911B7788C59D5,20000.0,1,793
0xD747B2f1258E0a05871de5F6CF05c5b9554BB51c,20000.0,1,793
0x97A6CeDa1e72f030F2262c919AF11558F478d34f,20000.0,1,793
0xFf2ddf66360f50BC719761959D19dc402D8c2811,100000.0,1,793
0xdba9648Ff976995bd31D9ee9a76d2A95813d6b6b,350000.0,3,793
0x1A567B84377e64bdaB026342C177870cc7410EaD,930000.0,3,793
0x38dAEa6f17E4308b0Da9647dB9ca6D84a3A7E195,130000.0,1,793
0x28AD8E41F950568C6eB15e8426c9760b80BEcaFE,100000.0,1,793
0x9B62A7eD23E6e2822EE8045694ef0dB9eb099CC7,130000.0,1,793
0x7aC9C9135de57041095103d2aA8B5Be31B9aa415,20000.0,1,793
0x22CAb81E0FEe2bad5b015DbBEB6A374A1B8738de,101739.3545629484,1,793
0x8D278ad2e9F114B359c23D9B1a86E015A87B228F,100000.0,1,793
0x22F6167a22C1765E2E9d124B61d6D723053a7ff1,100000.0,1,793
0x76d2DDCe6b781e66c4B184C82Fbf4F94346Cfb0D,14490000.0,1,793
0x473668E5F99e0E0bFa66C2C979e9cd26761f2F62,150000.0,1,793
0xaE256cD2d13353e549d09aEA8D4105c8d1cc09d8,1.5105804540600145,1,793
0x1582F9b135E44C9729b463595BDccf87Eb872cc7,100000.0,1,793
0x8864486C1be43143B2Fb2992777bA0B85129f3e4,100000.0,1,793
0x34F2aC0DD90b768b382e981E50312333A7A1A69D,100000.0,1,793
0x4ab70E6072Bc043f86856EfDC8F30B2Bb65bB5dC,20000.0,1,793
0x1c85d6Ae1336D0e4E3F165bbfA9641bfA04CeDb1,20000.0,1,793
0x6C13FC8EF50144A21702415d57ece0A09879fCFb,100000.0,1,793
0xE3e202b2CAC2B3eC41219C69fE0D2352b19cef69,103696.3328511151,1,793
0x93C329189b3F6FeF306b98eE88dd0aa5Ec1eC15E,30000.0,1,793
0x582c98Ddc90dFBdD1d78e6EfD5fa96d94BdC9c10,606.6841865851135,1,793
0xD6cbE50054C9A9e3Eed385dd2ba094F7E8018f34,756.0123361136193,1,793
0x6fd64b2555FA6d1BF8564f728DA7Eae8aD1397B1,790.1678113725158,1,793
0x66fA22aEfb2cF14c1fA45725c36C2542521C0d3E,100000.0,1,793
0xf19aeB0f2D0F53E6E2F015a7C531f6c271858Ba4,120000.0,3,793
0xfF39886DbEC0bB2dA581af950c64864031861520,4579306.613889202,1,793
0xBfD7F0DB71253edaa59743163D3eECfa27a01A6e,100000.0,1,793
0x3B24Dde8eF6B02438490117985D9Cfa2EdCcf746,100927.69772177776,3,793
0xF33dc87D01C7a1fA2EC09EE5FD94250a9D919E58,100000.0,3,793
0xe00e7d9fFcCf63EdDDB0c8f16E132C1756229487,100000.0,3,793
0x53FfA1fC6EF26B7ea45BC9a20B9aEb40fF5F1b02,100000.0,2,793
0x7680f91d3D3a5F451A6387ba802661d96f78dD8f,3.046977094880726,1,793
0x951b843185fd7C3C6D5B4Cd214c2f471674BE2D3,37.72163835077707,1,793
0x72dA0B8A1B932C8a2cC9dCF8C28642290220aeC4,80000.0,1,793
0xbDdF8194CcC04bE52d3E66D5DFB63EDBa8735e40,100000.0,1,793
0x653b4c9532363BB07d36D93820E6916C17663BAE,4000.0,1,793
0xA891022919e40E9D6Ff50DD027c07D9B37E97DCF,4000.0,1,793
0xd2033db9c5370aC76ABD80823b5c5adC097E2FBF,120000.0,1,793
0xEE525a275D1f54C22CCCf1a3314F13C712D7F3a8,4000.0,1,793
0x4bdcbA858dcA35ECdC2a61bf0DB4780e19a2d7DD,20000.0,1,793
0x2825861682f978d5DF5044c42dF6A7fA56F43933,4000.0,1,793
0x0830D434746EE4FB5845267aE5DA11AB3123c66D,4000.0,1,793
0xd25891CfAF13C9Ca8a102709261Da2fFd0Fb0a1F,104000.0,1,793
0x629257b4Abc19855C70340eaa8efFAcB8744799A,4000.0,1,793
0x4FBe804Fe264802EE3332687f56aBe755C265b94,4000.0,1,793
0x7c1462c014D12cE8114c8D20897746e418D0609C,4000.0,1,793
0xCa1E6cCe755F9b276EBCF60532E91b1d6804486D,4000.0,1,793
0xe356e7Af80B8626a2b6Ec11c32Ad936c50a98A92,6000.0,1,793
0xFc40c02aD7CA76ac88C2dD771DF729438b156c22,4000.0,1,793
0x28fC05945F49AEE500fc6DcEaa0B7AD870309b0F,4000.0,1,793
0xb2Dd985116dB690461FA28e03bA2A08a60AF90a1,4000.0,1,793
0x5c33052E154964da3d26c8b8610d508DF050476E,4000.0,1,793
0xCCBC524ebE1a9D7F0dB3FbD10BC5C6E57768a28E,4000.0,1,793
0xAe4F582D6565aCf294dd81c98099CC82Bd710aFD,4000.0,1,793
0x15fD758FFec2d0007877dF3817B2FeAE2d36067d,4000.0,1,793
0x90208FFBf774D70B1433f6D64709fDf62104f77a,4000.0,1,793
0xe4B8bd8CB10Dbf3b152Ae13Cbf95Ec8B869420e1,4000.0,1,793
0xFe3766d4B8F8bf029d4Fe4d355bE152F9C67EB90,4000.0,1,793
0xD4F20F43EEf492A6Cb117C698c0a1CbBa42811e4,6000.0,1,793
0x729C28387a8e37f3365c2d873a36a6cF4802CCDA,4000.0,1,793
0x9c138d52eBe2d5abdFf4220d64A976e015463Db1,4000.0,1,793
0x0CA9Ef7f67e6cA559075164534F0A331640D7821,4000.0,1,793
0xD40B0FA8702829c2Ba5E1Da767e21dbdB2E56A02,4000.0,1,793
0x7C696093b48973e8A2550B819260E88AaEB6E00F,4000.0,1,793
0x32778259cFfBE0CDd24760D8009f106C25f55C0c,4000.0,1,793
0xe52a291B177de546cd146Fcb25F489378cAEA21f,2225.5298037761277,1,793
0xa79da05566eA8ffd181C45EFd6f484616f6EaDef,4535089.036847942,1,793
0xc128170D8AE71d51dfaBdCCD1c0fF88444580597,100000.0,1,793
0x6D526f6b4C86FBdc8e359e6bef4Cd6a42aceA2d7,11875008.457436457,3,793
0xAB5c55d160aB502f8d63a8A5E8Bb9E12f434D079,20000.0,3,793
0x310C58A54A13a4975BA5D27530Ea8a8fF6F2FCa5,100000.0,1,793
0x7C9BC20EB9739C50365DdE04A722A5Ae935C1701,30000.0,3,793
0xc075cB4DbBC64983B8c0aA90A0C09e9cEB21f692,100000.0,1,793
0x7816dE01FaF651f085DD9184f600Faaa65a592dc,100000.0,1,793
0xf281bdd3Fd974cB8B16b24Af722eE9582C24156B,26304.469777951388,3,793
0x450a1Dda46d876AeAE7994843F2e53C02F054248,100000.0,3,793
0x65331fa9893357A3c0459EAbb7866bAbd69C376F,280000.0,3,793
0x7F7bAc92AA3e28351F9E89535CA334e8A44542d0,60000.0,1,793
0x1CeAf3e17deCfc2B528D5371aEdc10465C449591,100000.0,1,793
0x4E07ebB283634233C2348ec7bB059995E6553da6,100000.0,2,793
0x5d6a0c304097E0EF19291f57fD63d5151Dc1fDb0,100000.0,1,793
0x679B4172E1698579d562D1d8b4774968305b80b2,100000.0,1,793
0x8Fe316B09c8F570Fd00F1172665d1327a2c74c7E,100000.0,1,793
0x5845EDDFb79BBE87F504Ab31aB15F548e0f5D96D,100000.0,1,793
0xb08D2489FC75871aBac91D624F4f5835105bA034,100000.0,1,793
0x9Fb7563A1969f034e8FeB83e499C967D31538E86,100000.0,1,793
0x4b310BEEeC210C5e49353CF5f0Eaf4Ce03746f93,20000.0,1,793
0xC3465B3200FfE73E5AE9261cBB6455b842e5Bf79,100000.0,1,793
0xF590F63CEE40B7daA9C1E02f544F8ca637a59Ac5,20000.0,1,793
0xDB242eFac4142e4de3cee9254c8B1738B8bB3953,20000.0,1,793
0x404F4C126df0127E5bc3ECf2D566099fd29509E1,1873.8064505437762,1,793
0xe49F88aEb18DcC0c6bF38fe7D5AfC95BF23d5c08,108245.3704538803,2,793
0xce68b1394ED29ECAA6974536244d1D2Aad4a2745,100000.0,1,793
0x3ddf02F2d6E3afe2b0118a79B3656A5d88DAaAAd,20000.0,1,793
0x725Fc8fE91DcF9343DD80342A93E45F2923c7334,113081.29148972465,3,793
0x54C7bB00D5B38Ea2583069eaAc8B42D56B6AAFf2,100000.0,1,793
0xDa516F0903fC91E3AE198F8f58AB8F83CbDFBE8a,100000.0,1,793
0x7763c067F0F4437940741674fa7F15913f8000C6,130000.0,1,793
0xB3384eBD56B9E7265d8Ab94f17563f2CC71154b3,100000.0,1,793
0x78a867Ae664F8A1b4E0aFd4f3d1eA35d26b7526D,100000.0,1,793
0x48A9789428F2067338D02B1EF3612DF64F05FeB7,105731.22372553646,1,793
0xc05F972729351D7DE4C7969A1c02F059f9A04d3d,100000.0,1,793
0xc61ec1061dC605c02EF14026e9d90bf43e958CB0,100000.0,1,793
0x62F8478Ec6a20273Ed662f482dBE1673eb9E898b,100000.0,2,793
0xCEfd166263C7eA59b529dd14c18cd6E028779459,100000.0,1,793
0xD42488E3973263821D5003fad27eE8c511396615,100000.0,1,793
0x4c3aC06e10c7aebD4dAA17832f724fCC7B19B850,100000.0,1,793
0xD9cfab54f1234AeEA22B2818AB919866A2809c1C,680000.0,3,793
0x047C4d7Af709ae19D3BBbD5F9E10461d2554dA00,233296.4887618841,1,793
0x8c80c1FE10912398Bf0FE68A25839DefCaef588e,338180.45229172736,3,793
0x63DaE0946A44eeeAD00C8B30ec206Fda63F7DFE1,173980.45199956352,3,793
0x2A92195A610f21f8DA1801Ff9756Aaa11319Ef68,100000.0,1,793
0xEC1328fE41b5c767e2330B402ae4095cBeBE1648,100000.0,1,793
0x7f496252c8B026c07c56e802951C7F825e59C83A,30000.0,1,793
0xC90926C9e16E1f95990196Fe8e6118bc9FF1A784,100000.0,1,793
0x29682458780098Fbd5cfE43E954A1a4A79b3eDC2,1000.0,1,793
0x0C00B9f1423cB69404051238dC463d8604B70240,4486.381845985506,1,793
0xD5102725Cc00421854dd616A2D8769CE36017315,103820.08888112092,3,793
0x45Af4466D48Bf1bdA25175fE4425181cc5A643cC,20000.0,1,793
0x81Ba93B26bCe8cA5d649B6607DF15E6D45462D8F,20000.0,1,793
0xDB099E06e52c611a702840ca986F75662A8bCA60,20000.0,1,793
0x14B620369c8Be3FcB5A2dBb631fE477234cd175B,20000.0,1,793
0x58fd59F0Db3ADD51665D9D6f301E56eF7400374C,350000.0,1,793
0xe50e41B64620007be5b105bC9afF9cA51903f471,120000.0,1,793
0x7b9A7d69832F353e54D65188473DDe2a7789F612,100000.0,1,793
0xa8A9cf5515bd301Cb562068E799F14eE2a5950f9,100000.0,1,793
0x8Cbf7A00DE4327f173C2a83Ff8A6ff63dDaDbcF2,220000.0,3,793
0x422875df5170A421897e6Af87D77Fc1a78ba2D1C,30000.0,3,793
0xAdA556CcC02cc968579FF5294D52DC0eBf5eE328,230000.0,1,793
0xb9b7Db94D57fe25907620eAae42b9780176CceeA,22330065.0,1,793
0x382Cab376440F92d4943f8b47Dd45645CF98BE0C,100000.0,1,793
0xDaBe0bf1ef9197bc173f3Ea18122E26c11726f96,20000.0,1,793
0x746c88578605aF182A2F2EfEC9D5e3D670571EFd,60000.0,1,793
0xed51F33243F0bbC621ed3c0b1671946b50e137CF,100000.0,1,793
0x8F60D79FE3dF6CD0E3a44288AD2F41Af134D813e,1394.552083955644,3,793
0x57fcF904efC785e098676922d406e64A4e0e7ea2,1116950.8483457954,3,793
0x4387ED046e466650720bCBf94ea9e2c66811F92A,100000.0,3,793
0xeEEC0e4927704ab3BBE5df7F4EfFa818b43665a3,9250082.916495511,1,793
0xdf35aB11698d61891f81126B6E391DD6e43db5bD,103244.51678199436,1,793
0xF74709B52c0E108eCFE56fA364175A779d3C059A,30000.0,3,793
0xAf11b3B0Ea9C697e92ABDa3D89D5c942fd4E335f,100000.0,3,793
0x854e5258494456858147DfF41d315e1A1ad4701a,100000.0,1,793
0x5E190617C7cfB30C3C87dd55920e117280D3F8E6,100000.0,3,793
0x2145814E43A49844d7F03a4d00FC240C7C8e329B,4713054.447031679,1,793
0xcf6F862111c4Fa10eF350189d23B825EaBffa7cF,20000.0,1,793
0x88FeF9A2559d35d14044e1222e5a50121b04a370,100000.0,1,793
0xAFba1aCc74aA89D638612e57AA4a9C60Cae7C1c8,100000.0,1,793
0x1930b7F236d94E872A0b9DED104Ba092D85A3856,2102.0,1,793
0x1c52Ca99185C6572967E79343dA78407aB81c972,104421.0,1,793
0xDa0f37cb3a7316cA4B9c718B551DdbeC6dA9c908,120000.0,2,793
0x00de3A8BDEe6E682C3509d66A947d05A8Ca797af,120000.0,1,793
0x7Cd976aF43B5fB90594119Ad76c193c20D1a616b,130000.0,1,793
0x8aAe84404661e3C015284B20b74c7a62ED29907E,100000.0,1,793
0xf59d9eaEC006cB0E2f0f7ba11D039F04F6280084,270000.0,3,793
0xFA45D06f58A59F2775796ea6098E780ae87640f1,20110.084874720786,1,793
0xc85fcc44005A1D24142c6B347a0256b5E9306C10,30000.0,1,793
0xc5Af3beFb128D179a7D287E14a1069222b7C69DC,200000.0,1,793
0xbd3932EdA8C754C531351A8A88f96d2B77128335,100000.0,1,793
0xEE5CE06aCcCE11BC77c5A93723C8032D9108f22d,100000.0,1,793
0x8aa4243Ef5fE3D6ebe375fA6D47A710266Cb0CaF,20000.0,3,793
0x78E0fEf34547D4e8C794915CaB7Ca514Bb30d222,100000.0,1,793
0x7baBa2EeCCf59E79920C29dB08Da1F606Ab4BFa9,350000.0,3,793
0xc78652Eae0b73256F0598ddDA47B6814B23a8D8F,100000.0,1,793
0x84B459Ee7F0210e1F58F75f233A19Aba2f45aa05,30000.0,3,793
0xECD02810Db92Ff027ea1b0850d46BdA963676D74,100000.0,3,793
0x1e7F481Ad51cb706f8DaDe68BB2e94CB651D4724,100000.0,3,793
0x9B7Ae2619D146e668Bc23B05cDF9C2dfD3665F25,100000.0,3,793
0x5EeFef8238B759BD8B8498EC3D1001be34fbf835,100000.0,1,793
0xD3474BD2f558B12e83810EC7d8aF14f2d1D08137,174516.38989100163,3,793
0x46abFE1C972fCa43766d6aD70E1c1Df72F4Bb4d1,14410000.0,3,793
0x1aC5d648599B9767b1a1bd13eB8BF082B4C157c2,120000.0,1,793
0xd3CE8c5ef43afEBab7E35bccA6b7F363Ba14A10B,100000.0,1,793
0x0544C10cf254EedE9711b9Fb6CC803Ff3C3Bb628,20000.0,1,793
0x6550f16DF6f6e2824918DeE4a9a3d8497b84C96d,30000.0,1,793
0xeac7824c2F633c53d2acfab0c8E483789b7E10E7,100000.0,1,793
0x6aDdaA208Ea7c6E413F0c514DC1BA7510390C500,100000.0,1,793
0x8Fffb08a892B348C3df82695F55F866D85BCD358,30000.0,1,793
0x4d477F1aabcFc2FC3FC9b802E861C013E0123AD9,130944.04419513937,1,793
0x1F2beAF8439039dCEc062Fbe056458D34f529F9E,100000.0,3,793
0x77C9e49073d9830723195f3788570c2c36c97688,100000.0,3,793
0xeCeB2fB4d8a93B0B19273B033ABcA7215062D31e,100000.0,3,793
0x07726d7e4ed80c8C64a8dd27e64F876Bd4225744,20000.0,1,793
0xa8A0C6894a1090c189Da1Ee93C2fC1dA22a6725e,108129.43769417435,3,793
0x1B3dfF537b7d46A0d30B1D20b101c483586747AA,200000.0,1,793
0x8d4b39954480a40A9Ee3bEf61bb24666f74d7012,110372.67217298155,3,793
0x4154a12Fe88D0f3667c24b0E676b92CB29f15d67,20000.0,1,793
0x487b706a1a0303fEd3C0bCD05cCEA900952FE415,20000.0,1,793
0x907156D38E181F65d4d4F48099Ce15bB8d2ff067,20000.0,1,793
0x020B899981FA12ad33d6c455d77fe8f53A121464,20000.0,3,793
0xaD3783Fa8A979E1191D5434Cf5e48fe40421A496,220000.0,3,793
0xA08A327D9FB9f2be150Dd7b7c20f077d3A997FEB,250000.0,1,793
0x475681F0e12606cf8f97743C1d4558C06a287840,30000.0,1,793
0x4d04a3Bfd8D9EEC765412CB03a3020215ea58156,100000.0,2,793
0x66e9BB4c18b0FAA5EDaAaB6a5346B5C41aA1e5e7,20000.0,1,793
0x6Eed730b720d74c26357EC75fBE9bcBacE22A45c,30000.0,1,793
0xde794A5063CA26E9C9E2398a0BF5CCdc713F7c98,30000.0,1,793
0xb8Ae86B8302f9150Ad5CFEd829168D2465544ccF,100000.0,3,793
0xb4522eB2cA49963De9c3dC69023cBe6D53489C98,100000.0,3,793
0xb990b8B21cc1EC7c0704789cCD21bD516fe52bA3,100000.0,3,793
0x86D8DC427b4403fC533ec40ca507D5C14100AF24,200000.0,1,793
0x35BC82F70BF46ffBa5269DF8DcF636b5D9d184b2,100000.0,3,793
0x6eBA5B898e9E24C1Fd0062025eD96fA751170eC4,100000.0,3,793
0x513AeDacE44cc9a0724CA276a8CeeeE950903576,380000.0,3,793
0x9C08407147b882d295a943291e1D23f246C20c99,2170000.0,1,793
0x6e311C67E5e5476d6bBF87226038514c3eD11EbE,20000.0,1,793
0x2BC87ADdAE195da271C2cB6F773cEe647AEefA60,100000.0,3,793
0x3Ae7783B7FA466E2c9197E60C05c84D6683CBC53,100000.0,3,793
0x22dca1Be9b6ea5d5A04D139882F2d2046f0b3083,101000.0,3,793
0xbB0aE4564D194600A49a8ED550258F8d7e9373E2,100000.0,1,793
0x4F778b9fff274F71FFc3EF4Cfc27E0CAE0c6e40D,100000.0,3,793
0x280d9b1e54aF95B98dA91529C9501Ca2B7794BFB,30000.0,1,793
0xDE055950CCAaf115C8D76b33e6503ee403875CCB,221.60437127327225,1,793
0xd522CD8cc56BAdBD1E9A84a9F726Dc87667Ad73A,100000.0,1,793
0x6Dc43be93a8b5Fd37dC16f24872BaBc6dA5E5e3E,100000.0,3,793
0xEd24226381F5144562f0F50C69b7AbBAf5a2F093,100000.0,1,793
0x5b539E8BdE8d85d5A9Df59dEE21888cB36315d3e,30000.0,3,793
0x4CF81B02fb8a2E20e92a5EbF3C4f6026790eA0aD,20000.0,1,793
0xD642279425D986B5A51037cEd3B9DF366639229d,20000.0,1,793
0xAd615f88D4483b80Dd415a0Cf533c027D6ecde01,100000.0,1,793
0xF627E5F4BAd95a956468d8BB6Ee20b119F992E96,174804.89646255542,3,793
0x0e7518B332F469a6A2F59E690F225cef5157cca9,100000.0,1,793
0xfAfBEB6a1859D06F0106423F24e7a79fb596d5B3,100000.0,3,793
0xc04032bcbcCE4d43ef978cC808F1D2dA5C0Db3c3,0.14285696102057965,1,793
0x8e2F7D5aAAE5ABbD5052aCb74019b9b11cb74349,130000.0,3,793
0x6fb651CDD003A7EBA1998E9c77d9EE0eca102e86,100000.0,1,793
0xcaf8Cf2cd59040f2bB1024FB122EdbEe3608696D,5908.2574473957475,1,793
0xacAD95570031453BE812b88Da058A074C26E3535,100000.0,3,793
0x1e39cC29009ED4760c186d8771295c1E224882d4,100000.0,1,793
0x2BE21Ec97C340301E903F65F66901a23C48f4873,100000.0,1,793
0x89B2F3A91C890E884bEb5f7f4E74944cE206110F,100000.0,1,793
0xECcDF8231326A9c5aaD32df76a633aaa4c49b104,30000.0,3,793
0x2951B1F7058bd2C05F01954002C450BaC0873847,200000.0,1,793
0x35A5cD1F50Fec2d6dDf57bd58c6790c995bE5B9E,100000.0,1,793
0xf69c2D8E0C2085Dd90625b5667841bB137168649,20000.0,2,793
0x2Ea5E9E452F85f55Be47504153f25740A5f3D78A,100000.0,1,793
0x28b2DC8faecB9fEc76C00c311638D7fA83800695,100000.0,1,793
0xC397a2C2963e3181883B7135a7Ef1bA85E8cEb82,100000.0,1,793
0x11cF7B9623CcA5f6556B8C699071E1D7Fe60444C,100000.0,1,793
0xE37689CFf507cB199f55eaA23338181C9a63a748,100000.0,3,793
0xb42573ddb86b68429C8f791ED0F2B79d2ca95588,100000.0,1,793
0x21d79c2Be4ab3de2802a60Da66f86D497D06102B,100000.0,1,793
0x981CaC16246D9641bE07BbA6E19E304b74B173BC,200000.0,1,793
0x00C67d9D6D3D13b42a87424E145826c467CcCd84,120000.0,3,793
0xF5b1CE61ac45e5BfeE6a35de8881d3a7EBd45653,100000.0,1,793
0x5BfCD9Fe67A606A6B6756DB3db647ea166E91AA0,450000.0,2,793
0x09DA2d53C9d7e569e428b7F4A5c82C7CD855a7D4,100000.0,2,793
0x20288c00BFF0a616a1Ec9E7d351948F1Ef77b974,100000.0,3,793
0x8325Aff2Ccc014468Cdf20F2538D8534db7a100f,50000.0,1,793
0x52f7a765993b0833A15b5BAEf6Eb63c6f74bAbb1,100000.0,3,793
0x6a43Cf422BB521b6BCC1Efa5C31C09cB1Ee9bdE7,100000.0,3,793
0x5a91b98A73d72A1FAE9f1f962dca77326013b155,7709.251911559163,1,793
0x29F0EBfB14e46128A0dF60c760B1E42c8e35549A,100000.0,3,793
0xeB8c65EA49563ca175a48052EE2894b6c961C6c5,100000.0,3,793
0x28822e2ad70fdAd2dD0427C3f6e31EA709ec3d39,40622.078765000464,1,793
0x60C63BBb27f1F49F63Eacadc773C79Bf0C17aC7A,100000.0,1,793
0x0fB213a1Af101b1429e6aD3020ad92Fb0D25Eb1E,100000.0,1,793
0x0cCE50B9c0A19B29633142F37B941751e513B91a,100000.0,1,793
0xBA8801a8E9f2Ed103E89FD5aCD605921Bfa1cb62,100000.0,1,793
0xd5e5d602aDb31A00D90FEa6d6CcA4d085C9252dc,20000.0,3,793
0xBE73748446811eBC2a4DDdDcd55867d013D6136e,100000.0,1,793
0x05DE4Af98481dC6CA566679BEE656D1d6aC6999d,102192.89038437152,3,793
0xb4c6F162D59d1c67ae6b6a01ac57C3cC4B414eEc,100000.0,3,793
0xF6f7c64EE5DD7280b1519f81968375C1442BA036,120000.0,3,793
0xbd032d3B518DC5Bde8f70eB1e4ec7302f754eD40,102198.89192168342,3,793
0x6C839896E555191e0fbdC5Bcb6Fa0f22496Db1B4,102198.89250107884,3,793
0x78fF52D4c56135099a6504aF9312f2de2B81026d,100000.0,3,793
0x63fF71A37D0C732E2B8E1777E38D79c1307BFA9e,102313.02407765307,3,793
0x029B317B115dc4A40cb4774069e69C40705E0E2a,102203.64279232826,3,793
0xE59b150ab850CE59C3BE44AAa963fd5239d658F6,100000.0,1,793
0x3DB9ba4395c9A4412c3b0aDC9464DB5F664D910d,200000.0,3,793
0xA1eD93Bf44Ba35f1e8EBfB4d104A0e109337A5aa,100000.0,1,793
0xB8421159252Ecf26b066127B4f86896aE8dE78ea,302447.47651755693,3,793
0xFdbBfB0Fe2986672af97Eca0e797D76A0bbF35c9,105185.88467288617,1,793
0x894D8502AA32714B2EC0EA6956F26FaE3dD2a551,100223.53584831687,3,793
0xC8D46eb7881975F9aE15216FeEBa2ff58E55803c,100000.0,3,793
0x7C286895E29EfbA329c496e4206CB7615e5f0Ab7,2500000.0,1,793
0x14408e4706F68ab5AF95D3dd81CE926145050E5B,100000.0,1,793
0xa1b1A631c0c1dD4899deC7C343Ee59aD21867803,100000.0,1,793
0x75B9B236801B273003beb57F823b434AE49f1be8,100000.0,1,793
0x2421134C8E8278ad199f6886ae70C5C373dA3b48,100000.0,3,793
0x9d3F29aEF12fB691Cf5F1341eea31843DAfFf823,100000.0,1,793
0x3C6A135F7A3A7Ce203EF629B43D9dc66f0f98BFa,3724717.6352010085,3,793
0xA1457afA30b8E396cDE5bAC320eD7c8E7b521BC8,122385.40136430445,1,793
0x82f0B74DA307d033bdf8cccb4d8139d43034eAe9,667150.7501079013,3,793
0x91d36751b800cEc136233e95b4A8bEe022484996,100000.0,1,793
0xEe9495F6F6Ee548C6D441c366a7021A7beFC4aCF,100000.0,2,793
0x6fE3B82450438DC01aB7a8A5410B45BA994ac1a6,100000.0,2,793
0x7A4c6e32C31a56bdd78DE86970180D8A0D613F57,383375.8644880979,3,793
0x2b4A83AC1C5D523b4cd9b91a083f6e7252f1FBdB,20000.0,1,793
0xBB8FB8fE5198f25D117C0e7B1b9C8260CB19C3C0,100000.0,3,793
0x3B5E33914100a2aa5543FD03aEc6b938FEBA75e6,100000.0,1,793
0x9354878eFaA0D6D821B7264B22672423E89f0Cc1,100000.0,1,793
0x2ce1A66F22A2Dc6E410D9021D57aEB8D13D6bFEF,103255.41386402035,2,793
0xc14B093f13DD9D1d6b589e1A07A094ddcE3209a9,100000.0,1,793
0x27De0fA057415F722365E64a7005d80cb2f3bE1f,100000.0,3,793
0x7D4E5ee8ab737aB69ba56Bb329E456C715af6786,120000.0,3,793
0x711d5f5eBD6AdC28BD87f0256d9C154A6218c12f,120000.0,3,793
0x37618fE6c44D3a5142994cD8568E3846922CB18d,56500.0,1,793
0x9a0BB7E8400533A3917623A2Cfa38a3b9d2ec4bd,34369.460861028405,1,793
0x9340494e3e86694fA8e387f6a12fdFc993Dce58F,120000.0,3,793
0x765078e631EfC704EB5674866a7dCc06828E5C29,100000.0,1,793
0x42aDD773B02585dbAF024Db751d8944618aDa20A,130000.0,3,793
0xF01B0ddebd3C22125ac691489A856d7e562bA534,120000.0,3,793
0x45333dA900CA8FD19f32e9aa78b665891c65CcfC,120000.0,1,793
0x727F75F271Fb0d42C13e76dc2b3C4679418C571f,176275.6166819019,3,793
0xbBFEdE0701918eAd8843bA6A97FFdE9a01547839,120000.0,1,793
0xddA42f12B8B2ccc6717c053A2b772baD24B08CbD,101571.07140658818,1,793
0xB4c25B2AcbE0737A53aCc73Ab142C758fFe2E1Bc,120000.0,1,793
0x7B84942CA0620bf624694AC03730a62C549e816C,120000.0,1,793
0x729915fad25439239101d6fE0e7287Ff6702E366,120000.0,1,793
0x17ad6E8f3bcac31038F356F67b8cD7b3E533928a,100000.0,1,793
0x33CAfe01AC463640362cBab6eE6499AbEA475447,100000.0,1,793
0xb9CF71AAD861e7226Ef2C07fCd2feED6d0f9A643,120000.0,1,793
0xcE0b352177038599b1df4505F50ff731FF6421eb,100000.0,1,793
0xfe32A37F15ee4a4b59715530E5817D1322B9df80,150255.7748644301,3,793
0xa4BC8e38c4d5c547D3786A9460841515b3191da8,130000.0,3,793
0xf9328aDf2aD24f0a411dc6D67C5cCa9CB2b4c286,20000.0,3,793
0x67D6140FDa661346ad4785F35412aa43fA3224b1,57.233683362540916,1,793
0x47A626A4b1A97dC04DFaE4FcbDC196E97D049df6,120000.0,1,793
0xF97350945e300D7d4A9C6C03033922663EdF561c,20000.0,1,793
0x2AE829024B799046152e39FA6BB45A38B3D8b130,100000.0,1,793
0x3CfEcad11f3DE1c2d67EC6FDF7fecdC38676F2C7,120000.0,1,793
0x440Bc1D539D0dc1dab56FdDF1e2dcC4393892917,101903.34582701826,1,793
0x76918841298C0EecF0Fe9409CDAD3000320666ED,100000.0,1,793
0xdAE8c7af7930047561bD7357908080531A6EfE3f,100000.0,1,793
0x00ff6b7D26407A46Af2b631b4fa452a036d027E5,100000.0,1,793
0x5F0b726D9B98a0744fE19141fea973546CD009f9,31902.0,1,793
0x52A42429BDAaD4396F128CB92167e64a96bE8A61,100000.0,1,793
0x4059457092Cc3812d56676DF6A75fD21204Fbe2F,100000.0,1,793
0xb90781Ceb500f80A9c101225eD5451449a3Aa5bc,120000.0,1,793
0x52a6Ee7a0DF6C541cc7BFd66AAfA45748A962DA3,130000.0,3,793
0xA5a2c9db4d35Fd9EbF3B74f674442624947A2C22,50000.0,3,793
0x41e03e49cD0Dab3adac6765D98B487baFB7FB125,100000.0,1,793
0x47A76DF5F20b7116A33B9715bC73092Fb3690b36,555.7056624314338,1,793
0x035E8A0A57f24FD10D447c6cE44524513dd6e09C,215.41749999817418,1,793
0xA8FA8CefeEa10Dd5EfbE020C479aC18Df8aB9A4D,20000.0,2,793
0x34d4ECD77D6378EbddA1C62A38881E4587109181,120000.0,3,793
0x8009602aF66C50ecABC5d3c2094a3429DC62D828,100000.0,1,793
0x3E7E3830db5D75D1a75460AD04a8245404E8909E,100000.0,1,793
0x95B92259AADaD128010B010622C65EEF5407de78,100000.0,1,793
0x7158Cc374f6bAC0B0f761692262bf4B3307801C1,100000.0,2,793
0x729250be25dC878Dd400Bf5BeF702DE77c83493e,100000.0,3,793
0x3a07527532785e508587Fc1a69394D5cb8c32a2B,100000.0,3,793
0xa56AEc9E811D5bDcAEead94903dC78791332B357,130000.0,3,793
0xFfa0d3b8114aF736A85d775A72339Dd46255A7fB,3000.0,1,793
0xA55E8f346a2E48045F0418AAe297aae166F614ce,175944.46140768705,3,793
0xbFF1FEa0625A127271410105B9D3AF76164Ea59f,100000.0,1,793
0x4a5a2B99B52Ef1160B4DFdfad1E8d7f6C4E1a08F,1460000.0,3,793
0x64f8e38e19c1B6992969Dcd5769c149951018Af1,100000.0,1,793
0xfd97B4EFdA8D0e7fe38777B7D1b4B6Aad0Cb8a27,114270.65327324747,1,793
0xeaF338fBf49691c78aB50136f53d0ab0Df84e4b8,102491.0,1,793
0x4D49A0d59711abF2D2d870F9dC88905239B0010C,140999.4717890267,3,793
0xa5754619adFc0f3eFBE65B323664335eA64023c8,750000.0,1,793
0x5144a03bb1B4b4d9828517fe9240B93DDcbc6024,271.14444672214125,1,793
0x14C255122eb89e2dD7d16A449bd8A6E7328DaBf3,100329.58761765379,3,793
0x547056FCe2E08ed24fEAc022FBdCB23A8942bC81,100000.0,2,793
0x18a9ECC3863b20a3F19c02518a58E38a9B461766,20000.0,2,793
0x80D0d54050C15971b21e877D95441800f5AA9ee8,151866.1399050952,1,793
0xFD57c9Ebd454F5ee98c89496dd5106Bf48405801,20000.0,2,793
0xe4fb9ca52E39B83BE69E74E7Fac8f807A9c16eF9,146703.34772311753,1,793
0xD82EdE894aE6fA2B29FE95307Be057d8C4d25346,100000.0,3,793
0x44db0002349036164dD46A04327201Eb7698A53e,100000.0,1,793
0x9FeCf056375A973308bB3D6fb6b1c230CfD21456,220000.0,1,793
0x78805Dd0a19ac89AF3CC334C79330e6Ad9cDaf0c,100000.0,1,793
0x3018B55796b0B9F6B4fe6853561FD33B9261ff30,20000.0,1,793
0x191D60bFe770f85Bdf18858263d63f0571Fe5217,30000.0,1,793
0x1F17032289Dc9Bb26cde9e400Af1C26b5DA0ff5D,20000.0,1,793
0x4d1f86cB18cC052aC63e5CC185fE1Ce73504F7a3,6000.0,1,793
0xc6136d5d747350f0a9D46730c12bB6c5A14aDCCe,100000.0,3,793
0x3070f20f86fDa706Ac380F5060D256028a46eC29,100000.0,1,793
0x5a7BA787E7CF00f9Ce55CCf2C54Bf1C0C29231bF,30000.0,1,793
0xE5c6ac7A04e75d8556960D3a0831F251db498Be5,30000.0,1,793
0x46ED94C2240c9b5A486bdDB3e073eb30C9b7a8F2,6000.0,1,793
0x7b6555058649A1a63a6EA4fC1EAfd28e78949a0b,20000.0,1,793
0xddf543429e415a262E7617d76196621cb8375d20,120000.0,1,793
0x2993E1D02b11377f44455AEdc618C705acbb0591,100000.0,1,793
0x8B291f8e02926fEB062c6Aa8822B1Fa4E64Eb3d5,100436.99755798145,3,793
0xdaE48D7b5c73a95F74CAAe08F7f92D3B7927f449,100000.0,3,793
0xF08Fb807B1062BcB1b7d42cfF20850a093A7debB,5000.0,1,793
0x5f8Fd99047265Af45071f40042DA15c1BD375B85,200000.0,1,793
0xc2Bd60d1Ff37C979A8Fa9EBF8E5CAcF0792045AC,100000.0,3,793
0x0e569D21238a29D82AcbeE5E51C717Bac80a2DD8,109823.0,3,793
0x83f68939de5b679299De9d72B40A6E4688b6c587,779.4920692711988,1,793
0xcC98cFdc5F5480D8DD0A0d0a7F80506EB30D5159,100000.0,3,793
0xFd28D67eD154B734257276e5d090721434bd51A4,150996.42618349494,1,793
0x899B2d61a5943Dd2452cbc9Ff5d158c63a2275dd,100000.0,1,793
0x8980383869D1DB3812a101E7aE91d63ea5a96eDE,20000.0,1,793
0xbAA32387bd55553Ec806622d524b12BbB8242a19,100000.0,1,793
0x700CE029b0f9d89491321199908E6a46C38e8e9A,120000.0,1,793
0xC32b7438b3dF7844c9eE799930a2224Fe6E26426,30000.0,1,793
0x43397A347105078cFA99196B06E3e3Dd1411d845,200000.0,3,793
0x01b3310084090C2cd0Bb023913C70b3898B5e7a2,1707344.3679501945,3,793
0xf3aFc2383a0B45ae73D77B49dF7F2184B1Ad4B90,120000.0,1,793
0xC7F4cdb175b1885e95B8F49CCBbD3F929Ab7D1BA,100000.0,1,793
0x45233Ff6BBC10f0Eb41F430561ac97d78dDfb4cd,100000.0,1,793
0x78A1Af88ae6aE1d57731ef7AeBb1bF42c2BDC767,100000.0,1,793
0xEd9cA75f828747FE3da57f05b89665df6B1B54Fe,100000.0,1,793
0x368706b2F299635e63B513f93f329FAE8f366b48,101219.51868589406,1,793
0x39c78cE4fBd59722f48A3271fE11F9AC5F933Ba0,200000.0,3,793
0x42ccF4f456D7c7fEBF274242CACcD74AAa0a53d7,191852.0,2,793
0xf3D476566BCC8E882A3910F1471428522449d89E,2767782.3176781256,1,793
0x2bCa1582cE551D17101314fb199162C15F951506,280000.0,3,793
